{"cameraMode":{"drawMode":0,"name":"Shaded","section":"Shading Mode"},"sceneLighting":true,"audioPlay":false,"sceneViewState":{"m_AlwaysRefresh":false,"showFog":true,"showSkybox":true,"showFlares":true,"showImageEffects":true,"showParticleSystems":true,"showVisualEffectGraphs":true,"m_FxEnabled":true},"in2DMode":false,"pivot":{"x":378.71209716796877,"y":14.900835037231446,"z":504.932861328125},"rotation":{"x":0.2735961973667145,"y":-0.04902765154838562,"z":0.013965458609163762,"w":0.9604927897453308},"size":23.992170333862306,"orthographic":false}