{"cameraMode":{"drawMode":0,"name":"Shaded","section":"Shading Mode"},"sceneLighting":true,"audioPlay":false,"sceneViewState":{"m_AlwaysRefresh":false,"showFog":true,"showSkybox":true,"showFlares":true,"showImageEffects":true,"showParticleSystems":true,"showVisualEffectGraphs":true,"m_FxEnabled":true},"in2DMode":false,"pivot":{"x":384.9505310058594,"y":3.529047966003418,"z":516.1537475585938},"rotation":{"x":0.07184447348117829,"y":-0.2832375168800354,"z":0.021282292902469636,"w":0.9561221599578857},"size":19.626562118530275,"orthographic":false}